PLAYER,TEAM,AGE,GP,W,L,MIN,PTS,FGM,FGA,FG%,3PM,3PA,3P%,FTM,FTA,FT%,OREB,DREB,REB,AST,TOV,STL,BLK,PF,FP,DD2,TD3,,
Aaron Gordon,ORL,24,4,2,2,25.9,15.3,5.3,10.3,51.2,1.3,2.8,45.5,3.5,5.3,66.7,1,7.5,8.5,3.3,1.5,0.3,0.8,2.3,31.8,1,0,,
Aaron Holiday,IND,23,8,6,2,31.1,10.1,3.9,8.4,46.3,0.9,2.3,38.9,1.5,1.9,80,0.1,2.9,3,4,1.6,1.3,0.4,2.3,23,1,0,,
Abdel Nader,OKC,26,7,4,3,15.8,8.3,3.3,6.1,53.5,1.3,3.3,39.1,0.4,0.6,75,0,1.4,1.4,0.4,1,0.4,0,1.9,10.9,0,0,,
Admiral Schofield,WAS,23,6,0,6,12.6,2.7,0.8,2.8,29.4,0.8,2.3,35.7,0.2,0.3,50,0.2,2,2.2,0.2,0,0,0.2,1.5,6,0,0,,
Al Horford,PHI,34,7,4,3,25.4,10.9,4.3,7.9,54.5,1.4,2.7,52.6,0.9,1,85.7,1.6,4.7,6.3,3.7,2.1,0,0.9,2,24.4,0,0,,
Alec Burks,PHI,28,7,4,3,20.4,14.6,5.4,9.6,56.7,2.3,4,57.1,1.4,2,71.4,0.7,2.1,2.9,2.6,0.9,0.6,0,1.1,22.7,0,0,,
Alex Caruso,LAL,26,6,3,3,23.9,5.5,1.7,5.2,32.3,0.3,2.2,15.4,1.8,3,61.1,0.5,1.3,1.8,3.7,1.2,1.7,0.2,2.2,17.5,0,0,,
Alex Len,SAC,27,6,3,3,12.6,5,1.5,2.8,52.9,0.3,0.5,66.7,1.7,2.3,71.4,0.8,3.7,4.5,0.5,0.8,0.2,0.3,2.2,11.8,0,0,,
Alize Johnson,IND,24,4,2,2,16,4,1.3,3.5,35.7,0.8,2,37.5,0.8,1,75,2.3,5.3,7.5,1.3,1,0.8,0.5,1.5,17.6,1,0,,
Amir Coffey,LAC,23,5,4,1,12.3,6,2,4.2,47.6,1,2.4,41.7,1,1.6,62.5,0,0.4,0.4,1,1,0.8,0.2,1.6,10,0,0,,
Andre Iguodala,MIA,36,7,3,4,22.7,5,1.9,5.3,35.1,0.7,3.3,21.7,0.6,1,57.1,1,2.6,3.6,3.3,1.3,0.9,0.7,1,17.6,0,0,,
Andre Roberson,OKC,28,7,3,4,12.4,2.9,1.1,4.1,27.6,0.4,2,21.4,0.1,0.3,50,1,2.9,3.9,0.6,0.3,0.1,0.4,1.9,9.8,0,0,,
Anfernee Simons,POR,21,5,4,1,9.8,1.4,0.6,2.2,27.3,0.2,1.4,14.3,0,0,0,0,1,1,0.4,0,0,0,0.8,3.2,0,0,,
Anthony Davis,LAL,27,7,3,4,34.6,21.6,6.1,14.6,42.2,1,3.4,29.2,8.3,9.7,85.3,2.6,6,8.6,4,2.7,1.3,1.3,2.6,42.9,2,0,,
Anthony Tolliver,MEM,35,8,2,6,17.5,4.4,1.4,3.4,40.7,1.3,3,41.7,0.4,0.5,75,0.5,2.1,2.6,1.1,0.5,0.5,0,1.3,10.2,0,0,,
Antonius Cleveland,DAL,26,5,2,3,4.7,1.2,0.4,1.6,25,0,0.4,0,0.4,0.6,66.7,0.4,0.4,0.8,0.2,0.2,0,0.4,1.2,3.5,0,0,,
Anzejs Pasecniks,WAS,24,3,0,3,10.7,4,1.7,3.3,50,0,0.3,0,0.7,1.3,50,1,1.7,2.7,0.3,0.7,0.3,0,3.3,8,0,0,,
Austin Rivers,HOU,27,8,4,4,24,11.1,3.6,8.6,42,1.6,4.8,34.2,2.3,2.6,85.7,0.3,3.9,4.1,2.1,1.9,0.9,0,2.1,20,0,0,,
BJ Johnson,ORL,24,2,1,1,18.2,8.5,2,7,28.6,1,1.5,66.7,3.5,4,87.5,1,3.5,4.5,0.5,1.5,0.5,0,1.5,14.7,0,0,,
Bam Adebayo,MIA,22,7,3,4,26.1,13.3,4.6,10.1,45.1,0.1,0.1,100,4,5.7,70,1.6,5.9,7.4,5,2.7,0.6,1.1,2.6,32.1,1,0,,
Ben McLemore,HOU,27,8,4,4,22.8,12,4.1,9.4,44,3.4,7.8,43.5,0.4,0.6,60,0.1,2.1,2.3,0.5,0.5,0.9,0.5,3.1,19.1,0,0,,
Ben Simmons,PHI,23,3,2,1,28.8,11.7,4.7,10,46.7,0,0.3,0,2.3,4.7,50,1.7,5.3,7,4.3,2.7,1.3,0.3,4.3,28.9,1,0,,
Boban Marjanovic,DAL,31,7,2,5,12.1,8.1,3.6,5.4,65.8,0,0.3,0,1,1.4,70,1.9,4.4,6.3,1,0.6,0.1,0.4,1.3,18.3,1,0,,
Bogdan Bogdanovic,SAC,27,8,3,5,32,19.6,7.5,15.9,47.2,3.4,7.6,44.3,1.3,1.4,90.9,1.1,3.4,4.5,4.8,1.6,1.3,0.1,2.3,34.7,0,0,,
Bol Bol,DEN,20,7,2,5,12.4,5.7,2,4,50,0.6,1.3,44.4,1.1,1.4,80,0.7,2,2.7,0.9,1.4,0.3,0.9,1.6,12.3,0,0,,
Brad Wanamaker,BOS,30,8,5,3,19.3,9.3,3.3,5.5,59.1,0.5,1.5,33.3,2.3,2.5,90,0.4,2.1,2.5,2.6,0.8,1.1,0.3,1.6,19.6,0,0,,
Brandon Clarke,MEM,23,8,2,6,26.7,12.3,5.3,8.9,59.2,0.3,1.5,16.7,1.5,2.4,63.2,1.8,4.9,6.6,1.1,1.1,0.8,0.8,2.3,25.3,0,0,,
Brandon Ingram,NOP,22,6,2,4,30.8,19.8,6.3,15,42.2,2.2,5,43.3,5,6.3,78.9,0.3,4.7,5,3,2.5,0.8,0.2,2.8,30.8,0,0,,
Brian Bowen II,IND,21,1,1,0,2.3,2,1,1,100,0,0,0,0,0,0,0,0,0,0,0,0,0,1,2,0,0,,
Brook Lopez,MIL,32,7,3,4,27.8,20.4,6.9,14.3,48,2.6,5.9,43.9,4.1,4.4,93.5,2.3,3.4,5.7,0.6,1,0.4,2,2.3,34.4,1,0,,
Bruno Caboclo,HOU,24,3,1,2,8.2,6,2,4,50,0.7,1.7,40,1.3,1.3,100,0.3,2,2.3,0,1.3,1,0.3,2,11.5,0,0,,
Buddy Hield,SAC,27,8,3,5,21.4,14.3,5.3,12.5,42,3.4,8.8,38.6,0.4,0.6,60,0,2.8,2.8,2,2.3,0.8,0,1.9,20.6,0,0,,
CJ McCollum,POR,28,8,6,2,40.9,20.1,7.8,18,43.1,2.5,6.8,37,2.1,2.6,81,0.6,4.8,5.4,5.3,1.4,1,0.4,3,37.2,0,0,,
Cameron Johnson,PHX,24,8,8,0,32.4,13.3,5,10,50,1.9,5.4,34.9,1.4,1.4,100,1.3,4.6,5.9,2.1,0.4,0.8,0.5,2,26.9,2,0,,
Cameron Payne,PHX,25,8,8,0,22.9,10.9,4.1,8.5,48.5,1.9,3.6,51.7,0.8,0.9,85.7,0.5,3.4,3.9,3,1.4,1,0.3,2.5,22.4,0,0,,
Caris LeVert,BKN,25,6,3,3,33.1,25,9.8,20.5,48,1.3,5.2,25.8,4,6,66.7,1.5,3.5,5,6.7,3.3,1.5,0.5,1.5,43.7,1,0,,
Carmelo Anthony,POR,36,8,6,2,34.9,16.5,5.9,12.9,45.6,1.9,4,46.9,2.9,3.4,85.2,1.3,5.6,6.9,0.8,1.6,1.1,0.5,3.6,29.1,1,0,,
Carsen Edwards,BOS,22,2,1,1,17.3,7.5,2.5,7.5,33.3,1.5,4,37.5,1,3,33.3,0,2,2,1,0,1,0.5,0.5,15.9,0,0,,
Cheick Diallo,PHX,23,3,3,0,3.8,2.7,1,1.7,60,0,0.3,0,0.7,0.7,100,0.7,0.7,1.3,0,0.7,0.3,0,0.3,4.6,0,0,,
Chimezie Metu,SAS,23,2,1,1,16.4,6,2,3.5,57.1,0,0.5,0,2,2.5,80,1,2.5,3.5,2,2.5,1,1,1.5,16.7,0,0,,
Chris Boucher,TOR,27,7,6,1,13.5,9,3.1,5.6,56.4,1.4,2.7,52.6,1.3,1.9,69.2,1.9,3.1,5,0.4,0.7,0.3,1.1,1.4,19.2,1,0,,
Chris Chiozza,BKN,24,7,5,2,21.8,8.3,3.3,8.7,37.7,1.3,4.4,29,0.4,0.4,100,0.4,2.1,2.6,5,2.1,0.9,0.3,2,20.2,1,0,,
Chris Clemons,HOU,22,4,1,3,9.9,5,1.5,4,37.5,1,3.3,30.8,1,1,100,0.3,1.5,1.8,1.3,0.5,0.8,0.3,1.5,11.5,0,0,,
Chris Paul,OKC,35,7,4,3,29.2,16.9,5.7,11.7,48.8,1.4,3.6,40,4,4.1,96.6,0.7,4.9,5.6,6.6,3.4,1.9,0.3,2.7,36.4,0,0,,
Chris Silva,MIA,23,3,0,3,13.2,4.3,1.7,3,55.6,0,0.3,0,1,2,50,2,3.7,5.7,0.7,0.3,0,1,1.7,14.8,0,0,,
Corey Brewer,SAC,34,5,2,3,6.5,1,0.4,0.8,50,0,0.2,0,0.2,0.6,33.3,0.4,1.2,1.6,0.4,0.4,0.8,0,1.4,5.5,0,0,,
Cory Joseph,SAC,28,8,3,5,27.6,6.6,2,5.4,37.2,1.1,3.1,36,1.5,1.5,100,0.9,2.3,3.1,4.1,2,0.9,0,1.5,17.2,0,0,,
D.J. Augustin,ORL,32,8,3,5,25.6,11,3.5,8,43.8,1.3,3.4,37,2.8,3,91.7,0.5,1.1,1.6,4.9,2.1,0.5,0,2.4,19.6,0,0,,
D.J. Wilson,MIL,24,6,2,4,13.8,5.5,2,5.2,38.7,0.7,3,22.2,0.8,1.5,55.6,0.3,3.7,4,0.5,0.7,0.2,0,1.2,10.9,0,0,,
DaQuan Jeffries,SAC,22,7,3,4,17.4,6.1,2.4,4.7,51.5,0.6,2,28.6,0.7,0.9,83.3,0.3,2.1,2.4,0.9,0.3,0.4,0.1,2.3,11.8,0,0,,
Damian Lillard,POR,29,8,6,2,41.7,37.6,11.6,23.4,49.7,5.5,12.6,43.6,8.9,10,88.8,0.4,3.9,4.3,9.6,3.3,1.4,0.1,2,58.4,3,0,,
Daniel Theis,BOS,28,7,5,2,26.3,8.9,3.6,6.3,56.8,0.9,2.1,40,0.9,1.1,75,1.4,5.1,6.6,2.3,0.9,0.3,1.3,2.6,24,2,0,,
Danilo Gallinari,OKC,31,7,4,3,20.5,14.7,4.1,9.7,42.6,1.9,5.1,36.1,4.6,4.9,94.1,0.3,2.6,2.9,0.9,0.9,0.3,0.1,1.3,19.9,0,0,,
Danny Green,LAL,33,7,3,4,22.5,6.6,2.7,7,38.8,1,4,25,0.1,0.6,25,1,1.7,2.7,0.7,1.3,1.3,0.4,1,14.8,0,0,,
Danuel House Jr.,HOU,27,5,4,1,34.8,13.8,4.8,11.4,42.1,3.2,8.8,36.4,1,1,100,0.2,4,4.2,1.4,1,0.6,0.4,2.6,22.9,0,0,,
Dario Saric,PHX,26,8,8,0,23.8,14.8,4.9,8.5,57.4,1.4,2.6,52.4,3.6,4.1,87.9,1.4,6.3,7.6,1.8,2,0.4,0.1,3,26,0,0,,
Darius Bazley,OKC,20,8,4,4,27.5,13,4.6,10.9,42.5,2.4,5.1,46.3,1.4,1.9,73.3,1.1,5.1,6.3,1.5,0.6,0.4,0.8,1.3,25.5,1,0,,
De'Aaron Fox,SAC,22,6,1,5,34.7,26.2,10.3,20.5,50.4,1.2,5.3,21.9,4.3,6,72.2,0.8,1.7,2.5,7.3,2.8,1.7,0.3,2.7,43.3,1,0,,
De'Anthony Melton,MEM,22,8,2,6,19.5,4.4,1.6,6,27.1,0.4,2.9,13,0.8,1.9,40,0.8,2.6,3.4,2.3,0.8,1.5,0.3,2.1,16.3,0,0,,
DeMar DeRozan,SAS,30,7,5,2,32.2,21.7,7.7,13.3,58.1,0.1,0.7,20,6.1,7.1,86,0.7,3.7,4.4,5.7,2.4,1.1,0.9,2.3,39.2,1,0,,
DeMarre Carroll,HOU,33,3,0,3,19.7,4.7,1.3,4,33.3,0.3,2,16.7,1.7,2,83.3,0.3,2.3,2.7,2.3,0.3,1.3,0.3,1.3,16,0,0,,
Deandre Ayton,PHX,21,8,8,0,30,15,6.9,12.9,53.4,0.4,1.3,30,0.9,1.4,63.6,3,6.5,9.5,1.9,1.1,0.5,0.9,2.5,32.2,3,0,,
Dejounte Murray,SAS,23,8,5,3,29.9,12.6,4.9,12.5,39,0.9,2.6,33.3,2,2.5,80,0.3,5.8,6,4.3,2.1,1.4,0.1,1.9,28.6,2,0,,
Delon Wright,DAL,28,8,3,5,19.7,3.8,1.4,3.8,36.7,0.3,1.3,20,0.8,1.3,60,0.5,2.1,2.6,3,0.6,1.1,0.1,1.3,14.5,0,0,,
Dennis Schroder,OKC,26,2,1,1,23.5,15,5.5,10,55,1.5,2.5,60,2.5,3,83.3,0,1.5,1.5,3,3.5,1,0,4,20.8,0,0,,
Deonte Burton,OKC,26,5,2,3,14.5,2,0.8,4,20,0,1.4,0,0.4,0.4,100,0.2,1.6,1.8,1.2,1,0.4,0,1.2,6.2,0,0,,
Derrick Favors,NOP,28,6,2,4,25.6,7.3,3.3,5.7,58.8,0,0,0,0.7,1.5,44.4,2.7,6.7,9.3,1,0.7,0.8,0.3,1.3,22.9,2,0,,
Derrick Jones Jr.,MIA,23,8,3,5,15.8,5.8,2.3,3.3,69.2,0.4,0.8,50,0.9,1.3,70,1.1,1.4,2.5,0.6,0.4,0.5,0.3,2,11.6,0,0,,
Derrick White,SAS,25,7,5,2,29.8,18.9,5.7,12.6,45.5,3.1,8,39.3,4.3,5.1,83.3,0.7,3.6,4.3,5,2,0.7,0.6,2.7,33.4,0,0,,
Devin Booker,PHX,23,8,8,0,33.8,30.5,10.4,20.6,50.3,1.9,6,31.3,7.9,8.4,94,0.3,4.6,4.9,6,2.5,0.5,0.3,3.1,45.1,1,0,,
Devon Hall,OKC,24,6,3,3,10.2,2.5,0.8,4.2,20,0.7,2.5,26.7,0.2,0.7,25,0.3,0.7,1,1.7,0.7,0.7,0.2,0.8,8,0,0,,
Devontae Cacok,LAL,23,1,0,1,8.9,6,3,6,50,0,0,0,0,0,0,2,3,5,1,0,0,0,0,13.5,0,0,,
Dewan Hernandez,TOR,23,2,2,0,8.4,5,2,4.5,44.4,0.5,0.5,100,0.5,1.5,33.3,1.5,2,3.5,1.5,1,0,0,0,10.5,0,0,,
Dillon Brooks,MEM,24,8,2,6,32.6,20.1,7.9,17.9,44.1,1.9,6.6,28.3,2.5,3.1,80,0.9,2.9,3.8,2.8,2,0.8,0.3,4,29.8,0,0,,
Dion Waiters,LAL,28,7,3,4,23.6,11.9,4.4,10.4,42.5,1,4.3,23.3,2,2.3,87.5,0.3,1.6,1.9,2.4,1.9,0.6,0.6,2.3,19.3,0,0,,
Donovan Mitchell,UTA,23,6,3,3,33.1,21.7,7,17.8,39.3,2.8,7.5,37.8,4.8,5.3,90.6,1.5,3.2,4.7,5,2.8,0.7,0.3,3,34.9,0,0,,
Donta Hall,BKN,22,5,3,2,17.1,6.6,2.8,3.6,77.8,0,0,0,1,2.4,41.7,1.6,3,4.6,0.4,0.6,0.4,1,2.8,16.3,0,0,,
Donte DiVincenzo,MIL,23,7,2,5,22.7,8,3.3,8.3,39.7,1,3.7,26.9,0.4,1.1,37.5,1,3.1,4.1,2.6,2.6,0.7,0.3,2.3,17.3,0,0,,
Dorian Finney-Smith,DAL,27,7,2,5,31.6,11.6,4.1,9.3,44.6,2.1,5.4,39.5,1.1,1.6,72.7,2.9,4.7,7.6,2.4,0.9,0.1,0.3,3.4,24.7,2,0,,
Doug McDermott,IND,28,7,6,1,18.6,9.6,3.7,8,46.4,1.4,4.1,34.5,0.7,0.9,83.3,0.4,2.1,2.6,1.1,0.3,0.4,0.1,1.6,15.8,0,0,,
Drew Eubanks,SAS,23,8,5,3,17.7,7,2.8,4.9,56.4,0,0,0,1.5,1.9,80,2.5,3.8,6.3,1.3,1.4,0.4,1.4,2,20.3,0,0,,
Duncan Robinson,MIA,26,8,3,5,27,15,4.6,9.3,50,3.4,7.9,42.9,2.4,2.4,100,0.1,2.4,2.5,1.4,1.3,0,0.5,1.8,20.3,0,0,,
Dwight Howard,LAL,34,7,3,4,16.1,7,2,2.9,70,0,0,0,3,4.9,61.8,2.3,4.9,7.1,0.4,1.6,0.6,0.4,3.1,17.6,1,0,,
Dzanan Musa,BKN,21,5,3,2,16.6,8.8,2.8,6.6,42.4,0.8,2.6,30.8,2.4,3.2,75,0.4,2.6,3,2.4,1.4,0.4,0,1,15.8,0,0,,
E'Twaun Moore,NOP,31,5,1,4,12.4,5.8,2.4,5.4,44.4,0.6,1.4,42.9,0.4,0.4,100,0.4,1.2,1.6,1,0.4,0.8,0.2,0.6,11.8,0,0,,
Ed Davis,UTA,31,3,1,2,11.8,6,2.7,4,66.7,0,0,0,0.7,1,66.7,2,1.3,3.3,1.3,0,0.3,0,2,13,0,0,,
Edmond Sumner,IND,24,6,5,1,16.9,6.3,2.3,5.2,45.2,0.7,2.5,26.7,1,2.3,42.9,0.2,1.3,1.5,2.7,0.5,0,0.2,1.5,12.1,0,0,,
Elie Okobo,PHX,22,1,1,0,12,4,0,0,0,0,0,0,4,4,100,0,2,2,2,0,0,0,1,9.4,0,0,,
Emmanuel Mudiay,UTA,24,6,2,4,16.2,7.3,2.5,6.3,39.5,0.5,1.8,27.3,1.8,2.3,78.6,0.2,1.7,1.8,1.5,1.8,0.8,0,1.3,12.5,0,0,,
Enes Kanter,BOS,28,7,4,3,13.3,7.6,3.3,5.3,62.2,0,0,0,1,1.4,70,3.1,2.1,5.3,1,0.6,0.1,0.4,2.1,16.6,0,0,,
Eric Bledsoe,MIL,30,5,1,4,24.5,9.2,3,8.2,36.6,0.8,2.8,28.6,2.4,4.2,57.1,0.4,4.2,4.6,5.2,1.6,0.8,0.2,1.6,23.9,0,0,,
Eric Gordon,HOU,31,2,0,2,21.9,13,4.5,12.5,36,2,7.5,26.7,2,2,100,0.5,2.5,3,1,3.5,0.5,0.5,1,17.6,0,0,,
Ersan Ilyasova,MIL,33,7,3,4,13,4.6,1.3,3.3,39.1,0.6,1.9,30.8,1.4,1.7,83.3,0.3,3.4,3.7,0.3,0.1,0.1,0.4,1.1,11,1,0,,
Evan Fournier,ORL,27,5,2,3,28.9,14.4,5.2,12,43.3,1.6,5.6,28.6,2.4,3,80,0.2,2.6,2.8,3.2,1,0.2,0.2,2.8,22.8,0,0,,
Frank Jackson,NOP,22,8,2,6,17.6,10.8,4.4,9.3,47.3,1,3,33.3,1,1.4,72.7,0.4,1.1,1.5,2.5,0.8,0.3,0,1.3,16.3,0,0,,
Frank Kaminsky,PHX,27,7,7,0,8.5,3.7,1.6,4,39.3,0.3,1.7,16.7,0.3,0.3,100,0.7,1.9,2.6,0.6,0.6,0.1,0,0.9,7.5,0,0,,
Frank Mason,MIL,26,3,1,2,21.8,16,6,10.7,56.3,1.3,3.7,36.4,2.7,4.3,61.5,0.7,3,3.7,6,1.7,1,0.3,2.3,31.7,0,0,,
Fred VanVleet,TOR,26,6,5,1,34.8,17.8,5.3,12,44.4,2.5,6,41.7,4.7,5.3,87.5,0,3.8,3.8,6.7,1.8,1.5,0.7,2.3,37.1,2,0,,
Furkan Korkmaz,PHI,22,8,4,4,20.1,10.1,2.5,6.1,40.8,2.1,4.9,43.6,3,3.8,80,0.3,2.3,2.5,1.1,0.9,0.6,0.1,1.1,16.2,0,0,,
Gabe Vincent,MIA,24,3,1,2,13.8,3.3,1.3,6,22.2,0.7,3.7,18.2,0,0,0,0,0.7,0.7,1,0.3,1.3,0,1.3,9.3,0,0,,
Garrett Temple,BKN,34,7,4,3,26.1,11,3.4,9,38.1,2.1,5.7,37.5,2,2,100,0.1,3.9,4,2.1,0.7,0.7,0.4,1.9,21.7,1,0,,
Gary Clark,ORL,25,7,3,4,20.2,6.3,2.3,4.6,50,1.6,3.6,44,0.1,0.1,100,1.4,2.1,3.6,0.3,0.7,0.1,1.1,2.1,14.1,0,0,,
Gary Trent Jr.,POR,21,8,6,2,34.1,16.9,5.9,11.4,51.6,4.3,8.4,50.7,0.9,1.1,77.8,0.6,0.9,1.5,1.4,0.3,1.1,0.4,2.6,25,0,0,,
George Hill,MIL,34,7,3,4,24,8,2.3,5.7,40,1.1,3.4,33.3,2.3,2.6,88.9,0.7,2.6,3.3,4.1,1.1,0.7,0.1,1.3,19.6,0,0,,
Georges Niang,UTA,27,8,3,5,18.9,7,2.6,7.1,36.8,1.6,5,32.5,0.1,0.3,50,0.4,1.9,2.3,1.1,0.5,0.6,0,1.5,12.8,0,0,,
Giannis Antetokounmpo,MIL,25,6,3,3,25.7,27.8,10.3,16.5,62.6,1,3.7,27.3,6.2,9.8,62.7,1.7,10.5,12.2,4.2,3.5,0.3,1.3,3.7,50.2,4,0,,
Glenn Robinson III,PHI,26,2,0,2,21.4,9.5,3.5,7,50,1.5,3,50,1,1.5,66.7,1.5,3.5,5,0,1,0.5,0,1.5,16,0,0,,
Goga Bitadze,IND,20,5,3,2,12.3,4,1.8,4.2,42.9,0.4,1.2,33.3,0,0,0,0.6,1.4,2,0.4,0.6,0.8,1,1.6,11.8,0,0,,
Goran Dragic,MIA,34,5,3,2,26.3,17,5.8,12.2,47.5,1.2,5,24,4.2,5,84,0.6,3.6,4.2,5.6,2.2,1.8,0.4,3.8,34.8,0,0,,
Gordon Hayward,BOS,30,7,5,2,34.1,18.7,6.4,13.3,48.4,1.6,4.7,33.3,4.3,4.9,88.2,1.4,6.3,7.7,3.9,2.4,0.4,0.3,2.1,33.5,0,0,,
Gorgui Dieng,MEM,30,5,2,3,16.9,7.2,1.6,4.2,38.1,0.6,2,30,3.4,3.6,94.4,0.8,2.8,3.6,0.4,1,0.6,0.6,2.4,14.7,0,0,,
Grant Williams,BOS,21,7,4,3,10.5,2.7,1,2.7,36.8,0.4,1.6,27.3,0.3,0.4,66.7,0.1,1.7,1.9,0.9,0.6,0.3,0.4,2,7.8,0,0,,
Grayson Allen,MEM,24,8,2,6,27.6,13.6,4.8,9.4,50.7,3,6.3,48,1.1,1.3,90,0.4,2,2.4,1.1,1.3,0.5,0.1,2.1,18.8,0,0,,
Hamidou Diallo,OKC,21,8,4,4,24.6,10.6,4.1,9.6,42.9,1.1,2.8,40.9,1.3,2.3,55.6,1.9,3.8,5.6,1.8,1.8,1.1,0.1,2.4,22,1,0,,
Harrison Barnes,SAC,28,8,3,5,31.3,13.1,4.9,10.3,47.6,1.1,3.1,36,2.3,2.9,78.3,2,4.1,6.1,0.9,1,0.6,0.3,1.4,23.4,1,0,,
Harry Giles III,SAC,22,8,3,5,11,6.4,2.9,5.5,52.3,0,0.3,0,0.6,0.8,83.3,1.3,2.4,3.6,1.4,1.1,0.1,0.5,2.4,13.5,1,0,,
Hassan Whiteside,POR,31,6,5,1,16.3,7.8,3,4.3,69.2,0,0,0,1.8,2.3,78.6,2.3,3.7,6,0.7,0.5,0.3,1.5,2.8,21,0,0,,
Isaac Bonga,WAS,20,8,1,7,28,8,2.8,6.3,44,0.4,2,18.8,2.1,2.6,81,1.3,3.6,4.9,1.9,2.1,1,0.1,2.5,17.9,0,0,,
Ish Smith,WAS,31,8,1,7,27.2,14.1,5.8,13.5,42.6,0.9,2.4,36.8,1.8,2,87.5,0.3,3.5,3.8,6.1,2.3,0.9,0.8,2.8,30.4,1,0,,
Ivica Zubac,LAC,23,8,5,3,21.2,10.6,4.3,6.1,69.4,0,0,0,2.1,3.1,68,3.9,6.4,10.3,1.6,1,0.4,0.8,2.8,27.7,3,0,,
J.J. Barea,DAL,36,3,2,1,19.7,9.3,3.7,9.3,39.3,1,3,33.3,1,1.3,75,0,1.7,1.7,4.3,1,0.3,0,0.7,17.8,0,0,,
JJ Redick,NOP,36,6,2,4,26,18.7,5.8,12.2,47.9,4,8.7,46.2,3,3.7,81.8,0.2,1.7,1.8,1.8,1.7,0.2,0.2,1.7,23,0,0,,
JR Smith,LAL,34,6,2,4,13.2,2.8,1.2,3.7,31.8,0.2,1.8,9.1,0.3,0.3,100,0,0.8,0.8,0.5,0.7,0.2,0,0.8,4.4,0,0,,
Ja Morant,MEM,20,8,2,6,37.8,19,6.8,17.1,39.4,1.1,5,22.5,4.4,5.4,81.4,0.9,5.5,6.4,9.9,3.6,0.5,0.4,2.5,40.5,4,1,,
JaKarr Sampson,IND,27,8,6,2,16.3,5.9,2.5,4.3,58.8,0,0,0,0.9,0.9,100,0.6,3,3.6,1.5,1,0.9,0.4,2.6,15.2,0,0,,
JaMychal Green,LAC,30,8,5,3,22.2,9.3,3.3,6.3,52,2.3,4.3,52.9,0.5,0.5,100,0.3,4.8,5,0.8,1.1,0.5,0.5,3.5,18.3,0,0,,
JaVale McGee,LAL,32,7,3,4,15.3,4.6,2,3.3,60.9,0,0,0,0.6,1,57.1,2,3.1,5.1,0.4,1.1,0.7,0.3,2,13.2,0,0,,
Jabari Parker,SAC,25,5,2,3,13.2,9.4,4,6,66.7,0.2,0.6,33.3,1.2,1.4,85.7,1.4,2.4,3.8,1.6,0.8,0.6,0.2,1,18,0,0,,
Jae Crowder,MIA,29,7,3,4,25.7,11.7,4.1,7.1,58,3.1,5.6,56.4,0.3,0.6,50,0.6,3.9,4.4,1.4,1,0.7,0.4,2.4,21.6,0,0,,
Jahlil Okafor,NOP,24,2,0,2,21.4,14.5,6.5,9,72.2,0,0.5,0,1.5,2,75,1,3,4,0.5,1,0,1.5,2,23.6,0,0,,
Jakob Poeltl,SAS,24,8,5,3,25.8,8.3,3.9,6,64.6,0,0,0,0.5,1.5,33.3,3.4,4.8,8.1,1.8,1.1,0.9,1.4,3.8,26.3,2,0,,
Jalen Lecque,PHX,20,1,1,0,5.3,0,0,0,0,0,0,0,0,0,0,0,2,2,0,1,0,0,1,1.4,0,0,,
Jamal Crawford,BKN,40,1,1,0,6,5,2,4,50,1,2,50,0,0,0,0,0,0,3,0,0,0,1,9.5,0,0,,
Jamal Murray,DEN,23,4,1,3,24.8,14.5,5.8,12,47.9,1.8,5,35,1.3,2,62.5,0.8,4,4.8,4.5,0.8,0.8,0.3,1.3,29.2,1,0,,
James Ennis III,ORL,29,8,3,5,26.5,11,4,8.1,49.2,1,3.8,26.7,2,2.5,80,1.3,4.5,5.8,1.1,1.9,0.8,0.3,3.5,20.7,1,0,,
James Harden,HOU,30,7,4,3,34.5,34.1,9.9,18.3,53.9,4,10.6,37.8,10.4,11.6,90.1,0.9,7.4,8.3,8.9,5,2.7,1,3,63.5,3,0,,
Jared Dudley,LAL,34,5,1,4,10.6,2,0.8,2,40,0.4,1.6,25,0,0,0,0.2,1.6,1.8,1.8,0.4,0.6,0,1,8.3,0,0,,
Jaren Jackson Jr.,MEM,20,3,0,3,36.7,25.3,8.3,17.3,48.1,3.3,9.3,35.7,5.3,6.7,80,0.7,2,2.7,0.7,1.7,1.3,1.7,4.3,36.9,0,0,,
Jarrell Brantley,UTA,24,4,1,3,20.7,6,2.5,7,35.7,0.8,3.3,23.1,0.3,0.5,50,0.5,3.3,3.8,2.5,1.3,0.8,0.8,1.3,17.5,0,0,,
Jarrett Allen,BKN,22,6,3,3,34.1,15.7,5.8,8.7,67.3,0,0.2,0,4,5.5,72.7,3.5,7.5,11,4.2,0.8,0.5,1.2,3,39.3,4,0,,
Jarrod Uthoff,WAS,27,3,1,2,13.1,5,2,3.7,54.5,1,1.7,60,0,0,0,0.3,1.3,1.7,0,0,0,0,0.3,7,0,0,,
Javonte Green,BOS,26,4,3,1,13.4,9,3.5,7,50,0.8,2.5,30,1.3,1.5,83.3,1.5,1.8,3.3,0.8,1.3,0.3,0.3,1.5,14.3,0,0,,
Jaxson Hayes,NOP,20,8,2,6,16.1,6.5,2.4,3,79.2,0,0,0,1.8,2.1,82.4,1.9,2.6,4.5,0.6,1.5,0.4,0.3,2.4,13.2,0,0,,
Jaylen Brown,BOS,23,7,5,2,33.1,19.6,7,16.4,42.6,3.1,8.1,38.6,2.4,3.9,63,1.1,5.4,6.6,1.3,1.3,1.3,0.6,2.3,33.7,2,0,,
Jayson Tatum,BOS,22,7,5,2,31.7,22.4,7.6,16.1,46.9,3.1,7,44.9,4.1,4.9,85.3,1,5,6,3.7,3.3,1.4,0.6,2.1,37.9,0,0,,
Jeff Green,HOU,33,8,4,4,25.7,14.5,5.4,10.4,51.8,1.8,5.6,31.1,2,2.3,88.9,0.1,2.4,2.5,2.3,0.8,0.6,0.5,3,23.5,0,0,,
Jerami Grant,DEN,26,7,3,4,30.8,15.6,5.7,10.9,52.6,1.4,4.6,31.3,2.7,3.4,79.2,0.7,2.3,3,1.3,1.1,0.9,0.7,1.9,24.7,0,0,,
Jeremiah Martin,BKN,24,6,3,3,13.9,10.3,3.8,8,47.9,0.8,2.8,29.4,1.8,2.3,78.6,0.2,1.2,1.3,2.7,0.7,1,0.2,1.2,18.8,0,0,,
Jerian Grant,WAS,27,6,1,5,13.4,4.5,1.7,4.5,37,0.3,1.3,25,0.8,1.2,71.4,0.3,0.7,1,1.5,0.5,0.2,0.2,1.8,8.5,0,0,,
Jerome Robinson,WAS,23,8,1,7,28.9,14.8,5,11.8,42.6,2.3,6.1,36.7,2.5,3.5,71.4,0.5,2.4,2.9,2.8,1.9,0.8,0.4,3.6,23.8,0,0,,
Jevon Carter,PHX,24,8,8,0,23.9,7,2.4,4.8,50,2,3.6,55.2,0.3,0.3,100,0.6,1.9,2.5,2.4,0.1,1.1,0.5,1.3,18.3,0,0,,
Jimmy Butler,MIA,30,4,2,2,27,16,4.3,9,47.2,0,0.5,0,7.5,8.8,85.7,2,4.8,6.8,4.8,2.3,2.8,0.8,1.8,39.5,1,0,,
Joakim Noah,LAC,35,5,4,1,10,2.8,0.8,1.6,50,0,0,0,1.2,1.6,75,1,2.2,3.2,1.4,1.2,0.2,0.2,1.8,8.7,0,0,,
Joe Harris,BKN,28,6,3,3,29.5,20,8.2,13.2,62,3.3,6.2,54.1,0.3,1,33.3,0.7,3.7,4.3,2.3,1.8,0.5,0.2,3.5,28.9,0,0,,
Joe Ingles,UTA,32,8,3,5,27.6,10.4,3.5,7.4,47.5,2.3,5.4,41.9,1.1,1.3,90,0.5,2.3,2.8,5.3,2.3,1,0.3,2.4,23.1,1,0,,
Joel Embiid,PHI,26,7,4,3,25.3,20.1,7.1,14.3,50,0.1,1.6,9.1,5.7,7.6,75.5,2.7,7.7,10.4,2.1,3.4,1,1,3.3,38.4,3,0,,
John Konchar,MEM,24,4,2,2,3.5,0.8,0.3,0.5,50,0.3,0.3,100,0,0,0,0,0.3,0.3,0.3,0.3,0,0,0,1.2,0,0,,
Johnathan Williams,WAS,25,4,1,3,11.3,2.5,0.8,2.3,33.3,0,0,0,1,2,50,2.3,3,5.3,0.5,0.3,0,0.5,1.3,10.8,0,0,,
Jonas Valanciunas,MEM,28,8,2,6,26.9,15.3,5.9,10.3,57.3,0.4,1.5,25,3.1,4,78.1,2.9,8.6,11.5,2.8,2.5,0.6,0.9,3.3,35.2,6,1,,
Jonathan Isaac,ORL,22,2,2,0,15.5,10,3.5,5,70,1,1.5,66.7,2,2,100,0.5,4,4.5,2,1,1.5,0,2,21.9,0,0,,
Jordan Clarkson,UTA,28,8,3,5,22.3,15.8,5.5,14.3,38.6,2.8,7.5,36.7,2,2.5,80,0.4,2.1,2.5,1.5,1.9,0.4,0.1,2,20.6,0,0,,
Josh Hart,NOP,25,8,2,6,24,9.6,3.1,6.4,49,1.3,3.6,34.5,2.1,3,70.8,0.9,6,6.9,1.8,1.3,0.5,0.3,2,21.5,1,0,,
Josh Jackson,MEM,23,4,1,3,6.1,2.5,0.5,1,50,0,0,0,1.5,1.5,100,0,2,2,1,0.8,0,0,0.3,5.7,0,0,,
Josh Reaves,DAL,23,2,1,1,13.4,4,1.5,4,37.5,0,1,0,1,1,100,0.5,1,1.5,1.5,0,0,0,2.5,8.1,0,0,,
Josh Richardson,PHI,26,7,4,3,31.3,13.1,4.6,10.3,44.4,2.1,5,42.9,1.9,1.9,100,0.6,1.1,1.7,2,1.9,1,0.3,2.3,20.2,0,0,,
Jrue Holiday,NOP,30,6,2,4,32.5,15.2,6.2,12.5,49.3,1.2,4,29.2,1.7,2,83.3,1.2,3,4.2,5,4.3,1.2,0.7,3.3,28.8,0,0,,
Justin Anderson,BKN,26,7,4,3,12.9,3.6,1.3,4.6,28.1,0.9,3.7,23.1,0.1,0.3,50,0.1,2.6,2.7,1.1,0.6,0,0.7,1.6,10.1,0,0,,
Justin Holiday,IND,31,8,6,2,26.1,6.9,2.3,6.8,33.3,1.5,5.4,27.9,0.9,1,87.5,0.3,3.8,4,0.8,0.5,1.5,0.5,2.3,18.3,0,0,,
Justin Jackson,DAL,25,7,3,4,16.5,4.4,1.6,4.3,36.7,0.4,1.7,25,0.9,0.9,100,0,1.7,1.7,0.4,0.3,0.4,0,1.6,8.1,0,0,,
Justin James,SAC,23,2,1,1,7.1,2,1,3,33.3,0,1.5,0,0,0,0,0,1,1,1,0,0,0,0.5,4.7,0,0,,
Justin Wright-Foreman,UTA,22,3,1,2,14.5,6.3,2.3,6.7,35,0.7,3.3,20,1,1.3,75,0,1.7,1.7,2.3,1,0.7,0,1.7,12.8,0,0,,
Jusuf Nurkic,POR,25,8,6,2,31.6,17.6,6.8,13.6,49.5,0.3,1.3,20,3.9,4.4,88.6,2.9,7.4,10.3,4,2.4,1.4,2,4.9,43.7,3,0,,
Juwan Morgan,UTA,23,5,2,3,12.1,3.4,1.2,1.8,66.7,0.4,0.6,66.7,0.6,0.8,75,1,1,2,0.8,0.6,0.2,0.2,2.4,7.6,0,0,,
Kawhi Leonard,LAC,29,6,3,3,34.2,28.8,9.3,19.5,47.9,2.7,5.5,48.5,7.5,8.7,86.5,0.3,4.5,4.8,4.3,1.5,1.8,0.3,2.5,46.1,0,0,,
Keita Bates-Diop,DEN,24,5,0,5,15.8,6,2.2,5.2,42.3,0.6,1.8,33.3,1,1.2,83.3,0.8,2.2,3,0,0.6,0.4,0.6,1,12,0,0,,
Keldon Johnson,SAS,20,8,5,3,26.1,14.1,4.6,7.3,63.8,1.4,2.1,64.7,3.5,4.3,82.4,0.6,4.4,5,1.1,1.3,1.1,0.1,2.4,24.3,1,0,,
Kelly Olynyk,MIA,29,8,3,5,26.4,12.1,4.1,10.1,40.7,1.9,6.1,30.6,2,2.3,88.9,0.9,4.9,5.8,2.4,1,0.9,0.6,3.6,26.1,0,0,,
Kemba Walker,BOS,30,6,4,2,25.1,14.2,4.7,9.5,49.1,2.5,5.8,42.9,2.3,2.8,82.4,0.5,1.7,2.2,3.5,1.7,0.2,0.5,2.3,22.4,0,0,,
Kendrick Nunn,MIA,24,5,2,3,23.3,10.8,4,12.8,31.3,1.2,5.8,20.7,1.6,1.6,100,0.4,2,2.4,2,2.6,1,0.8,2,19.5,0,0,,
Kenrich Williams,NOP,25,4,0,4,13.2,1,0.5,1,50,0,0.3,0,0,0.5,0,0.5,1.5,2,1,0.3,0.5,0,1.8,6.2,0,0,,
Kent Bazemore,SAC,30,4,1,3,20.9,10,3.8,9.8,38.5,1.5,4,37.5,1,1.3,80,0.8,3.5,4.3,2,1.5,1,0.3,3.5,20.4,0,0,,
Kentavious Caldwell-Pope,LAL,27,6,2,4,26.4,7.3,2.8,6.8,41.5,0.8,3,27.8,0.8,1.2,71.4,0.2,1.5,1.7,1,1.2,0.7,0.2,1.8,12.2,0,0,,
Kevin Hervey,OKC,23,3,0,3,10.9,5,2,5.3,37.5,1,4,25,0,0,0,0.3,3,3.3,1.3,0,0.3,0.3,1,13,0,0,,
Khem Birch,ORL,27,8,3,5,18.1,7.4,2.1,3.5,60.7,0,0,0,3.1,4.3,73.5,2.6,2.4,5,1.9,1,0.5,0.3,2.3,17.4,0,0,,
Khris Middleton,MIL,28,7,2,5,28.5,19.7,6.7,13.9,48.5,2,5.1,38.9,4.3,4.4,96.8,0.6,5.3,5.9,5.7,3.4,0.3,0,2.9,32.7,2,0,,
Kostas Antetokounmpo,LAL,22,2,0,2,7.5,3.5,1.5,1.5,100,0,0,0,0.5,1,50,1,0,1,0.5,0.5,0,0,1,5,0,0,,
Kristaps Porzingis,DAL,24,6,2,4,36.1,30.5,9.8,20.7,47.6,2.7,7,38.1,8.2,9.2,89.1,1.8,7.7,9.5,2.2,1.3,0.8,1.5,4.7,50.8,2,0,,
Kyle Alexander,MIA,23,2,0,2,6.7,1,0.5,1,50,0,0,0,0,0,0,1,0.5,1.5,0,0.5,0,0,0.5,2.3,0,0,,
Kyle Anderson,MEM,26,8,2,6,23.7,6.9,2.4,6.4,37.3,1,2.9,34.8,1.1,1.5,75,0.5,3,3.5,3.8,1.4,1,0.8,3.3,20.6,0,0,,
Kyle Guy,SAC,22,1,1,0,5.6,2,1,3,33.3,0,2,0,0,0,0,0,1,1,1,0,0,0,1,4.7,0,0,,
Kyle Korver,MIL,39,8,3,5,15.9,6.3,1.9,4.3,44.1,1.6,3.8,43.3,0.9,0.9,100,0.1,2.1,2.3,0.9,0.8,0.6,0,1.3,11.4,0,0,,
Kyle Kuzma,LAL,24,7,3,4,28.4,15.4,5.3,11.4,46.3,2.3,5.1,44.4,2.6,3.6,72,0.6,3.9,4.4,1.6,0.9,1,0.7,2.9,27.4,0,0,,
Kyle Lowry,TOR,34,6,5,1,32.9,16.7,4.2,10.3,40.3,1.8,5.7,32.4,6.5,7.8,83,0.3,6.5,6.8,5.7,4,2,0.7,3.7,37.4,1,0,,
Kyle O'Quinn,PHI,30,3,1,2,18.2,5,2.3,4.3,53.8,0,1.3,0,0.3,0.3,100,0.7,5.3,6,5.3,0.7,0.7,0.7,0.7,23.5,1,0,,
Lance Thomas,BKN,32,7,4,3,14,3.4,1.1,3.3,34.8,0.6,1.9,30.8,0.6,0.6,100,0.3,1.6,1.9,0.9,0.9,0,0,1.6,6.1,0,0,,
Landry Shamet,LAC,23,6,3,3,26.3,6.3,2,6.7,30,1,4.7,21.4,1.3,2.2,61.5,0,1.7,1.7,2,1,0.2,0.2,2,11.3,0,0,,
LeBron James,LAL,35,7,3,4,31.7,22,8.1,18.1,44.9,2.1,6.3,34.1,3.6,5.4,65.8,1,6.4,7.4,6.9,3.1,0.6,0.9,1.7,42.3,4,0,,
Lonnie Walker IV,SAS,21,8,5,3,27.6,11.3,4.5,11.3,40,1.5,3.8,40,0.8,1,75,0.4,2.6,3,2.8,1.6,0.5,0.1,1,19.2,0,0,,
Lonzo Ball,NOP,22,7,2,5,29.8,7.1,2.6,8.4,30.5,1.3,4.6,28.1,0.7,1.3,55.6,1.1,3.9,5,6.6,3,1.1,1.1,2.6,26.9,0,0,,
Lou Williams,LAC,33,5,3,2,21.3,13.2,4.8,10.6,45.3,0.8,4,20,2.8,3.4,82.4,0.6,2.4,3,4.2,2,0.6,0.4,0.6,24.1,0,0,,
Luc Mbah a Moute,HOU,33,3,1,2,8.2,1.7,0.7,1.7,40,0,0.7,0,0.3,0.7,50,0.3,0.3,0.7,0,0.3,0.7,0,0,4.1,0,0,,
Luguentz Dort,OKC,21,7,4,3,26.1,9.1,3,8.7,34.4,1.1,4,28.6,2,2.4,82.4,1.3,2.6,3.9,0.9,1,1.1,0.3,2.7,18.3,0,0,,
Luka Doncic,DAL,21,7,2,5,35.5,30,9.9,20.6,47.9,2.1,7.1,30,8.1,10.1,80.3,1.3,8.9,10.1,9.7,4.7,0.4,0.6,2.7,55,5,3,,
Luka Samanic,SAS,20,2,1,1,18.2,8,2.5,6,41.7,1.5,3,50,1.5,2,75,0.5,3.5,4,1.5,1,0,1,3,17.1,0,0,,
Malcolm Brogdon,IND,27,6,4,2,32.4,18.2,6.2,14.2,43.5,2.3,5.8,40,3.5,4,87.5,1,5,6,6.3,2.7,0.3,0.3,1.7,34.2,0,0,,
Malcolm Miller,TOR,27,3,3,0,12.3,4,1.3,1.7,80,0.7,1,66.7,0.7,0.7,100,0.3,0.3,0.7,1,0.3,0.3,0,2,7,0,0,,
Marc Gasol,TOR,35,8,7,1,21.4,7,2.5,5.4,46.5,0.8,2.6,28.6,1.3,1.6,76.9,0.3,5.6,5.9,2.9,2,0.8,0.6,2.9,20.5,0,0,,
Marco Belinelli,SAS,34,5,4,1,21,12,3.4,8.6,39.5,2,4.6,43.5,3.2,3.4,94.1,0.6,1.2,1.8,1,0.6,0.4,0,0.8,16.3,0,0,,
Marcus Morris Sr.,LAC,30,7,4,3,29.8,11.1,4.3,8.6,50,1.3,3.4,37.5,1.3,1.6,81.8,0.6,3.7,4.3,1.3,1.3,0.7,0.4,2.7,20.4,0,0,,
Marcus Smart,BOS,26,7,5,2,28.4,8.9,2.3,7.1,32,1.3,3.9,33.3,3,3.6,84,0.3,2.7,3,4.9,2,2.1,0.3,2.9,25,0,0,,
Marial Shayok,PHI,24,2,1,1,8.8,4,1,3.5,28.6,0.5,1.5,33.3,1.5,2,75,0.5,1.5,2,0,1,0,0.5,2,6.9,0,0,,
Mario Hezonja,POR,25,6,4,2,17.5,5.2,1.8,4.8,37.9,0.5,2.3,21.4,1,1.3,75,0.7,3,3.7,1.3,0.8,1.3,0,2.5,14.7,0,0,,
Markelle Fultz,ORL,22,8,3,5,22.9,12.3,4.9,12,40.6,0.8,2.1,35.3,1.8,2.3,77.8,0.8,2.4,3.1,4.4,2,0.9,0.1,2,23.6,1,0,,
Markieff Morris,LAL,30,6,2,4,13.6,6,2.3,5.5,42.4,1.2,3,38.9,0.2,0.3,50,1,2.2,3.2,0.5,0.2,0.5,0.3,2.2,12.9,0,0,,
Marko Guduric,MEM,25,2,1,1,3.8,1.5,0.5,1.5,33.3,0,1,0,0.5,0.5,100,0,1,1,0,0,0,0,0,2.7,0,0,,
Marvin Williams,MIL,34,6,1,5,19.7,4,1.5,3,50,0.7,2,33.3,0.3,0.5,66.7,1.7,4.2,5.8,0.7,0.8,0.2,0.7,1.5,13.7,0,0,,
Mason Plumlee,DEN,30,8,3,5,19.6,7.1,3,5,60,0,0.1,0,1.1,2.1,52.9,1.1,3.3,4.4,3.6,1.3,0.5,0.6,2.3,19.9,0,0,,
Matisse Thybulle,PHI,23,8,4,4,22.2,4.8,2,3.9,51.6,0.8,1.9,40,0,0,0,1.1,1.5,2.6,1.1,0.8,1.6,0.9,2.6,16.3,0,0,,
Matt Thomas,TOR,25,8,7,1,14.9,6.5,2.4,4.9,48.7,1.5,3,50,0.3,0.3,100,0.3,1.4,1.6,0.6,0.5,0.3,0.1,0.9,10,0,0,,
Maxi Kleber,DAL,28,8,3,5,24.3,8.5,2.9,6,47.9,1.5,4.1,36.4,1.3,1.6,76.9,1.6,2.5,4.1,1.4,1.3,0.6,0.6,2.9,18,0,0,,
Melvin Frazier Jr.,ORL,23,4,2,2,18.7,5.5,2.3,4.3,52.9,1,2.3,44.4,0,0,0,0.3,1.3,1.5,0.5,0.5,1.3,0,0.8,11.3,0,0,,
Meyers Leonard,MIA,28,2,0,2,23.3,4.5,1.5,5.5,27.3,1,4.5,22.2,0.5,1,50,1.5,4.5,6,1,2,0.5,0,2,12.7,0,0,,
Michael Carter-Williams,ORL,28,3,2,1,20,7,2,6,33.3,0.7,2.3,28.6,2.3,2.7,87.5,0.7,1.7,2.3,2.3,1.3,1.3,0.7,3,18,0,0,,
Michael Frazier,HOU,26,5,2,3,15.8,2.6,0.6,3.6,16.7,0.4,3,13.3,1,1.6,62.5,0,1.4,1.4,0.2,0.6,0,0,1.8,4,0,0,,
Michael Kidd-Gilchrist,DAL,26,4,2,2,12.5,2,0.8,1.5,50,0,0,0,0.5,0.8,66.7,0.5,2.5,3,0.3,0.8,0,0.3,1.3,6,0,0,,
Michael Porter Jr.,DEN,22,7,3,4,33.3,22,7.7,14,55.1,2.7,6.4,42.2,3.9,4.1,93.1,1.9,6.7,8.6,1.6,2,1,0.9,3.6,38.2,4,0,,
Mikal Bridges,PHX,23,8,8,0,33.7,12.8,4.6,9.6,48.1,1.8,4.4,40,1.8,2.1,82.4,0.9,3.3,4.1,1.8,1,1.1,0.9,2.6,25.3,0,0,,
Mike Conley,UTA,32,6,2,4,32,18,5.8,13.5,43.2,2.7,7.2,37.2,3.7,3.7,100,1,2,3,5,2.7,0.8,0.2,2,29.4,0,0,,
Mike Muscala,OKC,28,6,3,3,13.3,6.2,2.2,5,43.3,1.8,3.8,47.8,0,0,0,0.5,1.8,2.3,1,0.5,0.2,0.2,1.2,11,0,0,,
Mike Scott,PHI,31,5,2,3,17.6,10,3.8,6.2,61.3,1.4,2.6,53.8,1,1.4,71.4,1.4,3.2,4.6,1.6,0.4,0.6,0,2.2,19.3,0,0,,
Miye Oni,UTA,22,5,1,4,19.7,7,2.4,6,40,1.4,3.6,38.9,0.8,1,80,1,2,3,0.8,0.6,0.8,0.4,1.8,14.8,0,0,,
Mo Bamba,ORL,22,2,2,0,5.4,0,0,2,0,0,1.5,0,0,0,0,1,0.5,1.5,0,0,0.5,0.5,0.5,4.8,0,0,,
Monte Morris,DEN,25,8,3,5,29.3,13.9,4.8,10.3,46.3,1.4,3.5,39.3,3,3.4,88.9,0.5,2.6,3.1,3.1,1,0.3,0.1,1.1,22.4,0,0,,
Moritz Wagner,WAS,23,8,1,7,16,5.1,1.8,4.8,36.8,0.3,1.6,15.4,1.4,1.6,84.6,0.6,2.8,3.4,0.9,1.4,0.8,0.3,2.3,12.1,0,0,,
Myles Turner,IND,24,7,5,2,28.2,14,5,10,50,1.3,3,42.9,2.7,3.6,76,2.3,4.4,6.7,1.6,2.4,0.6,1.7,4,28.8,1,0,,
Naz Mitrou-Long,IND,26,2,1,1,2.2,0,0,0.5,0,0,0.5,0,0,0,0,0,0.5,0.5,0.5,0.5,0,0,0.5,0.9,0,0,,
Nemanja Bjelica,SAC,32,8,3,5,23.7,9,3.4,6.1,55.1,1.1,3.1,36,1.1,1.4,81.8,0.5,5.3,5.8,3,0.9,1,0.9,2.9,25.2,2,0,,
Nerlens Noel,OKC,26,6,3,3,18.9,4.2,1.7,2.5,66.7,0,0,0,0.8,1.3,62.5,1.5,3.3,4.8,0.7,2,0.5,1.5,3.8,15,0,0,,
Nickeil Alexander-Walker,NOP,21,6,1,5,15,9.3,3.5,6.5,53.8,1,2.7,37.5,1.3,1.5,88.9,0.2,0.5,0.7,2.5,2.3,1,0.2,1.8,15.1,0,0,,
Nicolo Melli,NOP,29,8,2,6,19.1,5,1.6,5.6,28.9,0.5,3.3,15.4,1.3,1.6,76.9,0.1,2.8,2.9,1.9,0.5,0.5,0.5,2.4,13.8,0,0,,
Nigel Williams-Goss,UTA,25,1,1,0,22.2,10,4,9,44.4,2,5,40,0,0,0,0,1,1,1,1,2,0,4,17.7,0,0,,
Nikola Jokic,DEN,25,8,3,5,29.3,17.9,6.6,12.8,52,1.1,3.6,31,3.5,4.1,84.8,1.4,4.6,6,8.3,3,1,0.1,2.8,37.8,4,1,,
Nikola Vucevic,ORL,29,8,3,5,29.5,20.4,8.1,15.4,52.8,2,5,40,2.1,2.6,81,1.3,8.4,9.6,2.5,1.4,1,0,1.8,37.3,5,0,,
Noah Vonleh,DEN,24,3,0,3,4.5,1.7,0.7,1,66.7,0,0,0,0.3,0.7,50,0,0.3,0.3,0.3,0,0,0,0.7,2.6,0,0,,
Norman Powell,TOR,27,8,7,1,26.2,13.6,4.6,10.3,45.1,1.9,4.6,40.5,2.5,2.9,87,0.4,3.3,3.6,1.6,1.6,0.6,0.5,1.9,22.2,0,0,,
Norvel Pelle,PHI,27,4,1,3,13.3,3.8,1.8,3.3,53.8,0,0.3,0,0.3,0.5,50,1,2,3,0.3,1.3,0.5,1.5,4,12.5,0,0,,
OG Anunoby,TOR,22,6,5,1,28.2,9.7,3.2,6.5,48.7,1.2,2.2,53.8,2.2,2.7,81.3,1,2.8,3.8,1.5,0.7,1.3,0.5,2,21.4,0,0,,
P.J. Tucker,HOU,35,8,4,4,33.1,5.5,1.9,6.5,28.8,1.5,5.3,28.6,0.3,0.5,50,1.3,3.1,4.4,1.8,0.6,0.9,0.6,2.5,17.3,0,0,,
PJ Dozier,DEN,23,8,3,5,22.3,10.3,3.6,8.3,43.9,1.3,2.6,47.6,1.8,2.3,77.8,0.6,2.5,3.1,4.3,2,0.9,0.1,2.3,21.4,0,0,,
Pascal Siakam,TOR,26,7,6,1,32.5,16.9,5.9,14.9,39.4,2.3,6.4,35.6,2.9,4,71.4,1,4.7,5.7,2.3,2.3,1.1,0.6,2.7,30,0,0,,
Pat Connaughton,MIL,27,6,2,4,20.6,8.5,3,6.7,45,1.8,4.8,37.9,0.7,0.7,100,0.7,3.5,4.2,2,0.8,0.8,0.2,1.7,18.7,0,0,,
Patrick Beverley,LAC,31,3,1,2,14.2,8.3,2.7,5.3,50,1.7,2.7,62.5,1.3,2,66.7,0.3,2,2.3,1.3,0.7,0.3,0,2,13.5,0,0,,
Patrick Patterson,LAC,31,8,5,3,21.2,7.3,2.4,5.6,42.2,1.5,3.8,40,1,1.1,88.9,0.6,3.1,3.8,1.3,0.4,0.1,0,1.6,13.6,1,0,,
Patty Mills,SAS,31,3,1,2,18.3,10.7,3.7,7.3,50,2,4.7,42.9,1.3,1.3,100,1,2,3,2,1,0.3,0,2.3,17.3,0,0,,
Paul George,LAC,30,6,4,2,32.8,25.5,8.7,18,48.1,4,8,50,4.2,5,83.3,0.3,4.8,5.2,3.8,2,2,0,2,41.5,0,0,,
Paul Millsap,DEN,35,7,3,4,23.6,8.9,3.3,7.3,45.1,0.9,2.1,40,1.4,2.1,66.7,1.6,3.1,4.7,1.9,1.3,0.9,0.3,3.3,19.4,0,0,,
Paul Watson,TOR,25,5,4,1,12.3,6,2,3.6,55.6,0.8,1.6,50,1.2,1.4,85.7,0.4,2.2,2.6,0.6,0.6,0.6,0,0.8,11.2,0,0,,
Quinn Cook,LAL,27,6,1,5,16.6,6.8,2.5,6.8,36.6,1,3.2,31.6,0.8,0.8,100,0.7,1.2,1.8,1.5,1.3,0.2,0.2,0.7,11,0,0,,
Quinndary Weatherspoon,SAS,23,8,5,3,7.8,1.5,0.6,1.8,35.7,0.1,0.5,25,0.1,0.3,50,0.1,0.6,0.8,1.3,0.6,0.4,0.1,1,5.2,0,0,,
Raul Neto,PHI,28,5,2,3,20.6,12.6,4.4,9.4,46.8,1.2,3.4,35.3,2.6,3.2,81.3,0,1.8,1.8,3.6,1,0.4,0.2,1.4,21,0,0,,
Rayjon Tucker,UTA,22,6,2,4,13.9,7.2,2,4,50,0.5,1.8,27.3,2.7,3,88.9,0.2,1,1.2,0.5,0.8,0,0.2,0.5,9,0,0,,
Reggie Jackson,LAC,30,8,5,3,23.3,9.5,3.4,8.6,39.1,1.5,4,37.5,1.3,1.4,90.9,0.3,2.9,3.1,3.1,1.4,0.4,0,2.4,17.7,0,0,,
Richaun Holmes,SAC,26,5,1,4,23.3,7.8,2.6,4.6,56.5,0,0,0,2.6,3.6,72.2,1.8,4.8,6.6,0.6,0.6,0.4,0.2,3.4,17.8,0,0,,
Ricky Rubio,PHX,29,8,8,0,26.8,12.9,4.4,10.1,43.2,1.5,3.5,42.9,2.6,2.8,95.5,0.5,4.4,4.9,7.9,2.3,0.8,0.3,3,31.3,1,0,,
Robert Covington,HOU,29,8,4,4,33.8,9.5,3.1,9.4,33.3,1.6,7,23.2,1.6,2,81.3,1.1,7.1,8.3,1.8,1.3,2.5,1.6,3,33.2,2,0,,
Robert Williams III,BOS,22,6,4,2,10.9,8.7,3.7,4.3,84.6,0,0,0,1.3,1.5,88.9,1,2.3,3.3,0.8,0.2,0.3,1.2,1.8,18.3,0,0,,
Robin Lopez,MIL,32,6,2,4,16,4.5,1.7,4.3,38.5,0.3,1.5,22.2,0.8,1.7,50,0.7,1.8,2.5,0.7,1.5,0,0.7,2.7,9,0,0,,
Rodions Kurucs,BKN,22,8,5,3,22.9,6.6,2.4,5.4,44.2,1,3.1,32,0.9,1.3,70,0.9,4.1,5,2.3,1.4,1,0.3,3,18.4,0,0,,
Rodney McGruder,LAC,28,6,5,1,20.3,4.7,1.8,4.2,44,0.3,1.7,20,0.7,1,66.7,0.5,3.3,3.8,1,0.5,0.5,0,1.2,11.8,0,0,,
Romeo Langford,BOS,20,5,3,2,14.4,2,0.8,3.2,25,0,0.8,0,0.4,0.4,100,0.2,1.6,1.8,1.4,0.4,0,0.4,0.8,7.1,0,0,,
Rondae Hollis-Jefferson,TOR,25,8,7,1,15.4,5.4,2,4.3,47.1,0.1,0.8,16.7,1.3,1.8,71.4,1,2.6,3.6,2,1.3,0.3,0.1,1.3,12.6,0,0,,
Royce O'Neale,UTA,27,7,3,4,26.7,7.1,2.4,6.3,38.6,1.4,4.7,30.3,0.9,0.9,100,0.7,6.4,7.1,2.4,1.6,1.7,0.6,3.1,24.6,0,0,,
Rudy Gay,SAS,33,7,5,2,24.8,17.9,6.3,13.4,46.8,2.3,5,45.7,3,3.3,91.3,0.7,5,5.7,1.9,1.4,1.3,0.7,2,32.1,0,0,,
Rudy Gobert,UTA,28,6,2,4,31.7,15.3,5.5,8.5,64.7,0,0,0,4.3,6,72.2,3.2,7.8,11,1.3,1.7,0.7,1.8,3.2,36.4,4,0,,
Rui Hachimura,WAS,22,7,0,7,32.4,14.4,5.1,12.7,40.4,0.7,2,35.7,3.4,4.1,82.8,2.1,4.4,6.6,2.4,1.7,0.4,0.1,2.3,26,0,0,,
Russell Westbrook,HOU,31,4,2,2,36.2,24.3,9,20.5,43.9,1,3,33.3,5.3,8.5,61.8,1.5,4.8,6.3,7.8,4.8,1.3,0.8,3.3,44.6,1,0,,
Semi Ojeleye,BOS,25,8,5,3,14.9,5.6,1.9,4.6,40.5,1.5,3.6,41.4,0.4,0.5,75,0.3,2.4,2.6,0.8,0.9,0.4,0,2.1,10.2,0,0,,
Serge Ibaka,TOR,30,5,4,1,21.4,8.8,4,9.4,42.6,0.8,3.2,25,0,1,0,2,5.6,7.6,0.8,1.8,0.8,0.8,3,22.1,1,0,,
Seth Curry,DAL,29,5,2,3,25.6,10.2,3.6,8.4,42.9,1.8,4.2,42.9,1.2,1.8,66.7,0.2,1,1.2,1,0.4,0.4,0.2,2.4,14.5,0,0,,
Shabazz Napier,WAS,28,5,0,5,22.1,10.2,3.6,8.6,41.9,1,3.6,27.8,2,2.4,83.3,0.2,2.2,2.4,1.8,3.4,0.6,0.4,1.6,15.4,0,0,,
Shai Gilgeous-Alexander,OKC,21,7,4,3,30.6,16.4,5.1,11.4,45,1.3,4.1,31,4.9,5.7,85,0.3,3.7,4,3.4,2.4,1.3,0.3,1.3,28.7,0,0,,
Shake Milton,PHI,23,8,4,4,24.2,9.3,3.3,7.5,43.3,1.3,3.6,34.5,1.5,1.8,85.7,0.5,2,2.5,4.1,1.1,0.1,0.1,2.9,18.1,0,0,,
Sindarius Thornwell,NOP,25,2,0,2,17.7,8,3,5.5,54.5,1,2,50,1,2,50,0,2,2,2,1,0.5,0.5,1,15.4,0,0,,
Solomon Hill,MIA,29,5,1,4,19.2,6.8,2,6,33.3,0.8,3,26.7,2,2.4,83.3,0.4,1.8,2.2,1.2,0.8,1.4,0,1.4,14.6,0,0,,
Stanley Johnson,TOR,24,5,4,1,10.7,7.4,2.8,5.6,50,1,2.2,45.5,0.8,2,40,0.8,2.2,3,2.4,1.4,0.4,0.4,1.2,15.6,0,0,,
Sterling Brown,MIL,25,7,3,4,14.5,6.1,2.1,5.4,39.5,1.1,3.1,36.4,0.7,0.7,100,0.4,2.1,2.6,0.7,0.9,1,0,1.3,12.4,0,0,,
Steven Adams,OKC,26,5,3,2,23.2,10.2,4.2,7,60,0,0,0,1.8,3.6,50,2.2,5.8,8,1,1.6,0.2,0.4,2.2,21.5,1,0,,
T.J. McConnell,IND,28,8,6,2,17.3,6.9,3.1,6.1,51,0,0.3,0,0.6,0.8,83.3,0.8,2.5,3.3,4.9,1.8,1.5,0,0.5,20.8,0,0,,
T.J. Warren,IND,26,6,4,2,36.4,31,12.3,21.3,57.8,3.7,7,52.4,2.7,3,88.9,1.2,5.2,6.3,2,1.2,1.3,1.2,2.8,47.9,2,0,,
TJ Leaf,IND,23,3,2,1,9.6,4,2,5.7,35.3,0,1.3,0,0,1.3,0,0.7,1.7,2.3,1,0.3,0.7,0.3,1.3,11,0,0,,
Tacko Fall,BOS,24,1,0,1,8.4,4,2,2,100,0,0,0,0,0,0,1,3,4,1,0,1,2,2,19.3,0,0,,
Talen Horton-Tucker,LAL,19,4,1,3,19,8.5,3.5,7.3,48.3,1,3,33.3,0.5,1,50,0.5,1.3,1.8,1,1.5,1.8,0.3,2.5,16.6,0,0,,
Terance Mann,LAC,23,6,5,1,15.2,7.2,2.5,4.2,60,0.7,1.3,50,1.5,2.5,60,1,2.7,3.7,2.5,0.7,0.5,0,1.7,16.2,1,0,,
Terence Davis,TOR,23,8,7,1,15.3,6,2.3,5.6,40,0.8,2.5,30,0.8,0.9,85.7,0.5,2,2.5,1,1.4,0.9,0.3,2.5,12.5,0,0,,
Terrance Ferguson,OKC,22,6,3,3,14.6,1.8,0.7,3.5,19,0.5,2.2,23.1,0,0.2,0,0,0.2,0.2,1,0.2,0.2,0.2,1.8,4.4,0,0,,
Terrence Ross,ORL,29,6,2,4,27.7,14.3,4.2,11.5,36.2,2.5,8.3,30,3.5,3.8,91.3,0,3.2,3.2,1.3,1.3,1.3,0.3,2.3,23.8,0,0,,
Thanasis Antetokounmpo,MIL,27,2,1,1,17.9,5,2.5,6,41.7,0,1.5,0,0,1,0,0.5,2,2.5,3,0.5,0.5,0,2.5,13.5,0,0,,
Thomas Bryant,WAS,22,8,1,7,30.8,18.6,7.4,13.9,53.2,1.9,4.6,40.5,2,2.6,76.2,2.9,6,8.9,1.5,0.6,1.4,2,2.3,41,3,0,,
Tim Hardaway Jr.,DAL,28,8,3,5,34.6,15.4,4.8,11.5,41.3,2.4,7.3,32.8,3.5,3.9,90.3,0.3,4,4.3,1.6,1,0.3,0,2.5,22.7,0,0,,
Timothe Luwawu-Cabarrot,BKN,25,8,5,3,22.8,14.8,4.9,9.6,50.6,2.9,6.4,45.1,2.1,2.4,89.5,0.6,3.9,4.5,0.5,0.6,0.4,0.1,3.1,21.8,0,0,,
Tobias Harris,PHI,27,7,4,3,32.2,21.7,8.4,18.1,46.5,2,4.9,41.2,2.9,3.6,80,2.1,5.7,7.9,3.1,1,0.6,0.7,2.4,38.7,1,0,,
Tony Bradley,UTA,22,8,3,5,16,6.5,2.9,4.3,67.6,0.3,0.3,100,0.5,0.8,66.7,2.6,3.8,6.4,0.8,0.9,0.3,1,2.1,18.2,1,0,,
Torrey Craig,DEN,29,8,3,5,25.4,8.4,3.5,7.6,45.9,1.1,3.6,31,0.3,0.6,40,1.9,2.3,4.1,1.6,0.4,0.6,0.5,2.9,18.8,0,0,,
Tremont Waters,BOS,22,1,0,1,29.7,7,2,14,14.3,1,7,14.3,2,2,100,0,3,3,4,5,5,0,2,26.6,0,0,,
Trey Burke,DAL,27,8,3,5,23.9,12,4.4,10.3,42.7,2,4.6,43.2,1.3,1.4,90.9,0.1,1.8,1.9,3.8,1.1,1.1,0.1,1.5,22.5,0,0,,
Troy Brown Jr.,WAS,20,8,1,7,32.9,15.3,5.5,14.5,37.9,1.4,4.3,32.4,2.9,3.1,92,1.5,5.8,7.3,4.5,1.8,1.1,0.1,2.8,32.7,2,0,,
Troy Daniels,DEN,28,5,2,3,15.1,5.2,2,5.4,37,1.2,3.8,31.6,0,0,0,0,1.2,1.2,0.6,0.6,0.6,0,1.4,8.7,0,0,,
Ty Jerome,PHX,22,3,3,0,4.2,1.3,0.3,2.3,14.3,0.3,1,33.3,0.3,0.7,50,0.3,1.3,1.7,0.3,0,0.3,0,0.3,4.8,0,0,,
Tyler Cook,DEN,22,2,0,2,9.6,2,0.5,1,50,0,0,0,1,1,100,1,1,2,0,1,1,0,0.5,6.4,0,0,,
Tyler Herro,MIA,20,8,3,5,28.5,17.3,6.3,12.4,50.5,2.1,5.6,37.8,2.6,2.6,100,0.3,4.4,4.6,3.8,1.9,0.5,0.3,2.1,28.8,1,0,,
Tyler Johnson,BKN,28,8,5,3,24.2,12,4,9.9,40.5,1.8,4.5,38.9,2.3,2.3,100,1,2,3,3,0.6,0.5,0.1,1.9,21.4,0,0,,
Tyler Zeller,SAS,30,2,1,1,1.9,1,0.5,2,25,0,0,0,0,0,0,1.5,0.5,2,0,0,0,0,0,3.4,0,0,,
Udonis Haslem,MIA,40,1,0,1,23.5,7,3,5,60,1,1,100,0,0,0,1,7,8,0,1,0,0,3,15.6,0,0,,
Vic Law,ORL,24,3,1,2,17.5,5,2,5,40,0.3,2,16.7,0.7,1.3,50,0.7,2.7,3.3,1,0.7,0.7,0,2,11.8,0,0,,
Victor Oladipo,IND,28,6,4,2,31.8,16,5.7,14.2,40,2,5.8,34.3,2.7,3,88.9,0.3,5.3,5.7,2.8,3.2,1,0.2,2.5,27.4,0,0,,
Vincent Poirier,BOS,26,1,0,1,16.4,2,1,3,33.3,0,0,0,0,0,0,3,6,9,1,2,0,3,2,21.3,0,0,,
Wenyen Gabriel,POR,23,2,1,1,12.1,1.5,0.5,1,50,0,0,0,0.5,1,50,1.5,1.5,3,0,0,0.5,0.5,2,8.1,0,0,,
Wes Iwundu,ORL,25,7,2,5,20.5,9,2.9,5.6,51.3,1,2.1,46.7,2.3,3,76.2,0.1,2.4,2.6,2,1.1,0,0.3,2.6,14.8,0,0,,
Wesley Matthews,MIL,33,5,2,3,21.2,5.4,1.6,4.2,38.1,1.4,4,35,0.8,1,80,0.2,1,1.2,0.2,0.4,0.2,0,2.4,7.3,0,0,,
Yogi Ferrell,SAC,27,6,3,3,7.6,5.5,2,3.2,63.2,0.8,1.7,50,0.7,0.8,80,0,0.2,0.2,1.7,0.5,0.7,0,1.2,9.7,0,0,,
Yuta Watanabe,MEM,25,2,1,1,3.1,3,1.5,2.5,60,0,0,0,0,0,0,0.5,1,1.5,0.5,0,0,0,0,5.6,0,0,,
Zach Collins,POR,22,8,6,2,25.4,6.3,2.9,6.1,46.9,0.5,1.5,33.3,0,0.3,0,2.6,4.5,7.1,1.3,1,0.6,0.4,3.1,18.7,0,0,,
Zion Williamson,NOP,19,5,1,4,20.7,18.4,7.6,13.6,55.9,0,0.2,0,3.2,5.2,61.5,1.8,2.4,4.2,1.8,1.6,0,0,2,24.5,0,0,,
Zylan Cheatham,NOP,24,1,0,1,20.4,8,4,4,100,0,0,0,0,0,0,2,1,3,1,1,1,0,5,15.1,0,0,,
,,,,,,,,,,,,,,,,,,,,,,,,,,,,,
,,,,,,,,,,,,,,,,,,,,,,,,,,,,,
,,,,,,,,,,,,,,,,,,,,,,,,,,,,,
,,,,,,,,,,,,,,,,,,,,,,,,,,,,,
,,,,,,,,,,,,,,,,,,,,,,,,,,,,,
,,,,,,,,,,,,,,,,,,,,,,,,,,,,,
,,,,,,,,,,,,,,,,,,,,,,,,,,,,,
,,,,,,,,,,,,,,,,,,,,,,,,,,,,,
,,,,,,,,,,,,,,,,,,,,,,,,,,,,,
,,,,,,,,,,,,,,,,,,,,,,,,,,,,,
,,,,,,,,,,,,,,,,,,,,,,,,,,,,,
,,,,,,,,,,,,,,,,,,,,,,,,,,,,,
,,,,,,,,,,,,,,,,,,,,,,,,,,,,,
,,,,,,,,,,,,,,,,,,,,,,,,,,,,,
,,,,,,,,,,,,,,,,,,,,,,,,,,,,,
,,,,,,,,,,,,,,,,,,,,,,,,,,,,,
,,,,,,,,,,,,,,,,,,,,,,,,,,,,,
,,,,,,,,,,,,,,,,,,,,,,,,,,,,,
,,,,,,,,,,,,,,,,,,,,,,,,,,,,,
,,,,,,,,,,,,,,,,,,,,,,,,,,,,,
,,,,,,,,,,,,,,,,,,,,,,,,,,,,,
,,,,,,,,,,,,,,,,,,,,,,,,,,,,,
,,,,,,,,,,,,,,,,,,,,,,,,,,,,,
,,,,,,,,,,,,,,,,,,,,,,,,,,,,,
,,,,,,,,,,,,,,,,,,,,,,,,,,,,,
,,,,,,,,,,,,,,,,,,,,,,,,,,,,,
,,,,,,,,,,,,,,,,,,,,,,,,,,,,,
,,,,,,,,,,,,,,,,,,,,,,,,,,,,,
,,,,,,,,,,,,,,,,,,,,,,,,,,,,,
,,,,,,,,,,,,,,,,,,,,,,,,,,,,,
,,,,,,,,,,,,,,,,,,,,,,,,,,,,,
,,,,,,,,,,,,,,,,,,,,,,,,,,,,,
,,,,,,,,,,,,,,,,,,,,,,,,,,,,,
,,,,,,,,,,,,,,,,,,,,,,,,,,,,,
,,,,,,,,,,,,,,,,,,,,,,,,,,,,,
,,,,,,,,,,,,,,,,,,,,,,,,,,,,,
,,,,,,,,,,,,,,,,,,,,,,,,,,,,,
,,,,,,,,,,,,,,,,,,,,,,,,,,,,,
,,,,,,,,,,,,,,,,,,,,,,,,,,,,,
,,,,,,,,,,,,,,,,,,,,,,,,,,,,,
,,,,,,,,,,,,,,,,,,,,,,,,,,,,,
,,,,,,,,,,,,,,,,,,,,,,,,,,,,,
,,,,,,,,,,,,,,,,,,,,,,,,,,,,,
,,,,,,,,,,,,,,,,,,,,,,,,,,,,,
,,,,,,,,,,,,,,,,,,,,,,,,,,,,,
,,,,,,,,,,,,,,,,,,,,,,,,,,,,,
,,,,,,,,,,,,,,,,,,,,,,,,,,,,,
,,,,,,,,,,,,,,,,,,,,,,,,,,,,,
,,,,,,,,,,,,,,,,,,,,,,,,,,,,,
,,,,,,,,,,,,,,,,,,,,,,,,,,,,,
,,,,,,,,,,,,,,,,,,,,,,,,,,,,,
,,,,,,,,,,,,,,,,,,,,,,,,,,,,,
,,,,,,,,,,,,,,,,,,,,,,,,,,,,,
,,,,,,,,,,,,,,,,,,,,,,,,,,,,,
,,,,,,,,,,,,,,,,,,,,,,,,,,,,,
,,,,,,,,,,,,,,,,,,,,,,,,,,,,,
,,,,,,,,,,,,,,,,,,,,,,,,,,,,,
,,,,,,,,,,,,,,,,,,,,,,,,,,,,,
,,,,,,,,,,,,,,,,,,,,,,,,,,,,,
,,,,,,,,,,,,,,,,,,,,,,,,,,,,,
,,,,,,,,,,,,,,,,,,,,,,,,,,,,,
,,,,,,,,,,,,,,,,,,,,,,,,,,,,,
,,,,,,,,,,,,,,,,,,,,,,,,,,,,,
,,,,,,,,,,,,,,,,,,,,,,,,,,,,,
,,,,,,,,,,,,,,,,,,,,,,,,,,,,,
,,,,,,,,,,,,,,,,,,,,,,,,,,,,,
,,,,,,,,,,,,,,,,,,,,,,,,,,,,,
,,,,,,,,,,,,,,,,,,,,,,,,,,,,,
,,,,,,,,,,,,,,,,,,,,,,,,,,,,,
,,,,,,,,,,,,,,,,,,,,,,,,,,,,,
,,,,,,,,,,,,,,,,,,,,,,,,,,,,,
,,,,,,,,,,,,,,,,,,,,,,,,,,,,,
,,,,,,,,,,,,,,,,,,,,,,,,,,,,,
,,,,,,,,,,,,,,,,,,,,,,,,,,,,,
,,,,,,,,,,,,,,,,,,,,,,,,,,,,,
,,,,,,,,,,,,,,,,,,,,,,,,,,,,,
,,,,,,,,,,,,,,,,,,,,,,,,,,,,,
,,,,,,,,,,,,,,,,,,,,,,,,,,,,,
,,,,,,,,,,,,,,,,,,,,,,,,,,,,,
,,,,,,,,,,,,,,,,,,,,,,,,,,,,,
,,,,,,,,,,,,,,,,,,,,,,,,,,,,,
,,,,,,,,,,,,,,,,,,,,,,,,,,,,,
,,,,,,,,,,,,,,,,,,,,,,,,,,,,,
,,,,,,,,,,,,,,,,,,,,,,,,,,,,,
,,,,,,,,,,,,,,,,,,,,,,,,,,,,,
,,,,,,,,,,,,,,,,,,,,,,,,,,,,,
,,,,,,,,,,,,,,,,,,,,,,,,,,,,,
,,,,,,,,,,,,,,,,,,,,,,,,,,,,,
,,,,,,,,,,,,,,,,,,,,,,,,,,,,,
,,,,,,,,,,,,,,,,,,,,,,,,,,,,,
,,,,,,,,,,,,,,,,,,,,,,,,,,,,,
,,,,,,,,,,,,,,,,,,,,,,,,,,,,,
,,,,,,,,,,,,,,,,,,,,,,,,,,,,,
,,,,,,,,,,,,,,,,,,,,,,,,,,,,,
,,,,,,,,,,,,,,,,,,,,,,,,,,,,,
,,,,,,,,,,,,,,,,,,,,,,,,,,,,,
,,,,,,,,,,,,,,,,,,,,,,,,,,,,,
,,,,,,,,,,,,,,,,,,,,,,,,,,,,,
,,,,,,,,,,,,,,,,,,,,,,,,,,,,,
,,,,,,,,,,,,,,,,,,,,,,,,,,,,,
,,,,,,,,,,,,,,,,,,,,,,,,,,,,,
,,,,,,,,,,,,,,,,,,,,,,,,,,,,,
,,,,,,,,,,,,,,,,,,,,,,,,,,,,,
,,,,,,,,,,,,,,,,,,,,,,,,,,,,,
,,,,,,,,,,,,,,,,,,,,,,,,,,,,,
,,,,,,,,,,,,,,,,,,,,,,,,,,,,,
,,,,,,,,,,,,,,,,,,,,,,,,,,,,,
,,,,,,,,,,,,,,,,,,,,,,,,,,,,,
,,,,,,,,,,,,,,,,,,,,,,,,,,,,,
,,,,,,,,,,,,,,,,,,,,,,,,,,,,,
,,,,,,,,,,,,,,,,,,,,,,,,,,,,,
,,,,,,,,,,,,,,,,,,,,,,,,,,,,,
,,,,,,,,,,,,,,,,,,,,,,,,,,,,,
,,,,,,,,,,,,,,,,,,,,,,,,,,,,,
,,,,,,,,,,,,,,,,,,,,,,,,,,,,,
,,,,,,,,,,,,,,,,,,,,,,,,,,,,,
,,,,,,,,,,,,,,,,,,,,,,,,,,,,,
,,,,,,,,,,,,,,,,,,,,,,,,,,,,,
,,,,,,,,,,,,,,,,,,,,,,,,,,,,,
,,,,,,,,,,,,,,,,,,,,,,,,,,,,,
,,,,,,,,,,,,,,,,,,,,,,,,,,,,,
,,,,,,,,,,,,,,,,,,,,,,,,,,,,,
,,,,,,,,,,,,,,,,,,,,,,,,,,,,,
,,,,,,,,,,,,,,,,,,,,,,,,,,,,,
,,,,,,,,,,,,,,,,,,,,,,,,,,,,,
,,,,,,,,,,,,,,,,,,,,,,,,,,,,,
,,,,,,,,,,,,,,,,,,,,,,,,,,,,,
,,,,,,,,,,,,,,,,,,,,,,,,,,,,,
,,,,,,,,,,,,,,,,,,,,,,,,,,,,,
,,,,,,,,,,,,,,,,,,,,,,,,,,,,,
,,,,,,,,,,,,,,,,,,,,,,,,,,,,,
,,,,,,,,,,,,,,,,,,,,,,,,,,,,,
,,,,,,,,,,,,,,,,,,,,,,,,,,,,,
,,,,,,,,,,,,,,,,,,,,,,,,,,,,,
,,,,,,,,,,,,,,,,,,,,,,,,,,,,,
,,,,,,,,,,,,,,,,,,,,,,,,,,,,,
,,,,,,,,,,,,,,,,,,,,,,,,,,,,,
,,,,,,,,,,,,,,,,,,,,,,,,,,,,,
,,,,,,,,,,,,,,,,,,,,,,,,,,,,,
,,,,,,,,,,,,,,,,,,,,,,,,,,,,,
,,,,,,,,,,,,,,,,,,,,,,,,,,,,,
,,,,,,,,,,,,,,,,,,,,,,,,,,,,,
,,,,,,,,,,,,,,,,,,,,,,,,,,,,,
,,,,,,,,,,,,,,,,,,,,,,,,,,,,,
,,,,,,,,,,,,,,,,,,,,,,,,,,,,,
,,,,,,,,,,,,,,,,,,,,,,,,,,,,,
,,,,,,,,,,,,,,,,,,,,,,,,,,,,,
,,,,,,,,,,,,,,,,,,,,,,,,,,,,,
,,,,,,,,,,,,,,,,,,,,,,,,,,,,,
,,,,,,,,,,,,,,,,,,,,,,,,,,,,,
,,,,,,,,,,,,,,,,,,,,,,,,,,,,,
,,,,,,,,,,,,,,,,,,,,,,,,,,,,,
,,,,,,,,,,,,,,,,,,,,,,,,,,,,,
,,,,,,,,,,,,,,,,,,,,,,,,,,,,,
,,,,,,,,,,,,,,,,,,,,,,,,,,,,,
,,,,,,,,,,,,,,,,,,,,,,,,,,,,,
,,,,,,,,,,,,,,,,,,,,,,,,,,,,,
,,,,,,,,,,,,,,,,,,,,,,,,,,,,,
,,,,,,,,,,,,,,,,,,,,,,,,,,,,,
,,,,,,,,,,,,,,,,,,,,,,,,,,,,,
,,,,,,,,,,,,,,,,,,,,,,,,,,,,,
,,,,,,,,,,,,,,,,,,,,,,,,,,,,,
,,,,,,,,,,,,,,,,,,,,,,,,,,,,,
,,,,,,,,,,,,,,,,,,,,,,,,,,,,,
,,,,,,,,,,,,,,,,,,,,,,,,,,,,,
,,,,,,,,,,,,,,,,,,,,,,,,,,,,,
,,,,,,,,,,,,,,,,,,,,,,,,,,,,,
,,,,,,,,,,,,,,,,,,,,,,,,,,,,,
,,,,,,,,,,,,,,,,,,,,,,,,,,,,,
,,,,,,,,,,,,,,,,,,,,,,,,,,,,,
,,,,,,,,,,,,,,,,,,,,,,,,,,,,,
,,,,,,,,,,,,,,,,,,,,,,,,,,,,,
,,,,,,,,,,,,,,,,,,,,,,,,,,,,,
,,,,,,,,,,,,,,,,,,,,,,,,,,,,,
,,,,,,,,,,,,,,,,,,,,,,,,,,,,,
,,,,,,,,,,,,,,,,,,,,,,,,,,,,,
